pair_id,article_a_id,article_b_id,event_a_id,event_b_id,category,difficulty,relationship_type,article_a_title,article_a_text,article_b_title,article_b_text,date_a,date_b,location_a,location_b,entities_a,entities_b,ground_truth,reason
P0101,T014-A,T014-B,TECH_014,TECH_014,Technology,easy,paraphrase,HaloSoft Rolls Out Atlas OS 5.0,"HaloSoft released Atlas OS 5.0 on Tuesday, the company's biggest operating system update in three years, adding a redesigned interface and native support for AI-powered search across the file system. The rollout began with existing users receiving the update automatically over the coming week.",Atlas OS 5.0 Arrives With Redesigned Interface,"HaloSoft has begun distributing Atlas OS 5.0, a major overhaul that replaces long-standing menu layouts with a simplified design and folds AI search directly into the operating system. Company engineers said the update took over two years to develop.",2026-09-01,2026-09-01,"Seattle, USA","Seattle, USA",HaloSoft; Atlas OS 5.0,HaloSoft; Atlas OS 5.0,SAME_EVENT,Both articles describe the identical Atlas OS 5.0 release with the same core features and timing.
P0102,T014-C,T014-A,TECH_014,TECH_014,Technology,medium,different_source,Reviewers Weigh In on HaloSoft's Newest Update,"Early hands-on impressions of HaloSoft's newest operating system release are largely positive, tech reviewers said this week, praising the streamlined navigation while flagging some early bugs in the AI search feature that the company says it is already working to patch.",HaloSoft Rolls Out Atlas OS 5.0,"HaloSoft released Atlas OS 5.0 on Tuesday, the company's biggest operating system update in three years, adding a redesigned interface and native support for AI-powered search across the file system. The rollout began with existing users receiving the update automatically over the coming week.",2026-09-03,2026-09-01,"Seattle, USA","Seattle, USA",HaloSoft; Atlas OS,HaloSoft; Atlas OS 5.0,SAME_EVENT,A reviewer roundup covering reactions to the same Atlas OS 5.0 rollout announced days earlier.
P0103,T014-A,T016-A,TECH_014,TECH_016,Technology,easy,same_entity_different_event,HaloSoft Rolls Out Atlas OS 5.0,"HaloSoft released Atlas OS 5.0 on Tuesday, the company's biggest operating system update in three years, adding a redesigned interface and native support for AI-powered search across the file system. The rollout began with existing users receiving the update automatically over the coming week.",HaloSoft Acquires Cloud Storage Firm Vault9,"HaloSoft announced Thursday it has acquired Vault9, a cloud storage startup, in a deal aimed at strengthening the company's backup and syncing capabilities across its product line.",2026-09-01,2026-10-01,"Seattle, USA","Seattle, USA",HaloSoft; Atlas OS 5.0,HaloSoft; Vault9 acquisition,DIFFERENT_EVENT,"Same company, but an operating system release and an unrelated acquisition a month later are separate events."
P0104,T014-A,T017-A,TECH_014,TECH_017,Technology,medium,same_topic_different_event,HaloSoft Rolls Out Atlas OS 5.0,"HaloSoft released Atlas OS 5.0 on Tuesday, the company's biggest operating system update in three years, adding a redesigned interface and native support for AI-powered search across the file system. The rollout began with existing users receiving the update automatically over the coming week.",PixelWorks Unveils Rival Operating System,"Competitor PixelWorks introduced its own overhauled operating system Saturday, positioning the release as a direct challenge to established players in the desktop software market.",2026-09-01,2026-09-05,"Seattle, USA","Portland, USA",HaloSoft; Atlas OS,PixelWorks; operating system,DIFFERENT_EVENT,"Both are major operating system launches in the same week, but from two unrelated companies."
P0105,T018-A,T019-A,TECH_018,TECH_019,Technology,medium,follow_up,Fire at Data Center Disrupts CloudNine Services,"A fire at a CloudNine data center in Dublin knocked several services offline Sunday, the company confirmed, though no injuries were reported among staff on site.",CloudNine Restores Full Service After Data Center Fire,"CloudNine said Tuesday it has restored full functionality to all affected services following the fire at its Dublin data center earlier in the week, with backup systems having absorbed most of the load during repairs.",2026-11-01,2026-11-03,"Dublin, Ireland","Dublin, Ireland",CloudNine; data center fire,CloudNine; service restoration,SAME_EVENT,The restoration update is a direct continuation of the same data center fire incident described in the first article.
P0106,T018-A,T020-A,TECH_018,TECH_020,Technology,hard,different_incident,Fire at Data Center Disrupts CloudNine Services,"A fire at a CloudNine data center in Dublin knocked several services offline Sunday, the company confirmed, though no injuries were reported among staff on site.",Separate Outage Hits Rival Firm ServeRight in Dublin,"ServeRight, a competing cloud provider also based in Dublin, experienced its own service outage Tuesday, unrelated to the earlier fire at a nearby data center operated by a different company.",2026-11-01,2026-11-10,"Dublin, Ireland","Dublin, Ireland",CloudNine; data center fire,ServeRight; outage,DIFFERENT_EVENT,"Same city and similar disruption type, but two different companies experiencing separate incidents over a week apart."
P0107,T014-B,T015-A,TECH_014,TECH_015,Technology,hard,same_entities_different_date,Atlas OS 5.0 Arrives With Redesigned Interface,"HaloSoft has begun distributing Atlas OS 5.0, a major overhaul that replaces long-standing menu layouts with a simplified design and folds AI search directly into the operating system. Company engineers said the update took over two years to develop.",HaloSoft Ships Atlas OS 5.1 Patch,"HaloSoft released Atlas OS 5.1 on Tuesday, a patch update addressing bugs reported since the operating system's major release three months earlier, including fixes to the AI search feature.",2026-09-01,2026-12-01,"Seattle, USA","Seattle, USA",HaloSoft; Atlas OS 5.0,HaloSoft; Atlas OS 5.1,DIFFERENT_EVENT,"Same product family and company, but the original 5.0 launch and the later 5.1 patch release are distinct, separately dated releases."
P0108,T021-A,T022-A,TECH_021,TECH_022,Technology,medium,follow_up,DriveSync Gets Approval for Self-Driving Car Tests,"Regulators in Phoenix granted DriveSync approval Saturday to begin testing autonomous vehicles on designated public roads, following months of safety review.",DriveSync Begins First Public Road Trials,"DriveSync's self-driving cars hit Phoenix streets for the first time Tuesday, marking the start of public trials following the company's regulatory approval last month.",2026-08-01,2026-09-15,"Phoenix, USA","Phoenix, USA",DriveSync; regulatory approval,DriveSync; road trials,SAME_EVENT,The road trials are the direct next step of the same approval process described in the first article.
P0109,T021-A,T023-A,TECH_021,TECH_023,Technology,hard,different_incident,DriveSync Gets Approval for Self-Driving Car Tests,"Regulators in Phoenix granted DriveSync approval Saturday to begin testing autonomous vehicles on designated public roads, following months of safety review.",AutoPilot Labs Also Cleared for Testing in Phoenix,"A separate self-driving company, AutoPilot Labs, received its own testing approval in Phoenix three weeks after a competitor secured similar clearance, regulators confirmed.",2026-08-01,2026-08-20,"Phoenix, USA","Phoenix, USA",DriveSync; approval,AutoPilot Labs; approval,DIFFERENT_EVENT,"Same city and same type of regulatory clearance, but two different self-driving companies receiving separate approvals weeks apart."
P0110,T019-A,T020-A,TECH_019,TECH_020,Technology,very_hard,same_topic_different_event,CloudNine Restores Full Service After Data Center Fire,"CloudNine said Tuesday it has restored full functionality to all affected services following the fire at its Dublin data center earlier in the week, with backup systems having absorbed most of the load during repairs.",Separate Outage Hits Rival Firm ServeRight in Dublin,"ServeRight, a competing cloud provider also based in Dublin, experienced its own service outage Tuesday, unrelated to the earlier fire at a nearby data center operated by a different company.",2026-11-03,2026-11-10,"Dublin, Ireland","Dublin, Ireland",CloudNine; service restoration,ServeRight; outage,DIFFERENT_EVENT,"Both concern Dublin cloud infrastructure incidents in the same general week, but the CloudNine restoration is the tail end of one event while the ServeRight outage is an unrelated separate incident at a different company."
P0111,P011-A,P011-B,POL_011,POL_011,Politics,easy,paraphrase,Mayor Klein Signs Housing Reform Bill,"Denver Mayor Rosa Klein signed a housing reform bill into law Tuesday, easing zoning restrictions to allow more multi-unit construction across the city.",Klein Enacts Zoning Overhaul in Denver,"Rosa Klein put her signature on a sweeping zoning reform measure this week, a move supporters say will accelerate housing construction in Denver's most restrictive neighborhoods.",2026-03-01,2026-03-01,"Denver, USA","Denver, USA",Rosa Klein; housing reform bill,Rosa Klein; zoning reform,SAME_EVENT,Both describe the same housing/zoning bill being signed by Mayor Klein on the same date.
P0112,P011-A,P012-A,POL_011,POL_012,Politics,easy,same_person_different_event,Mayor Klein Signs Housing Reform Bill,"Denver Mayor Rosa Klein signed a housing reform bill into law Tuesday, easing zoning restrictions to allow more multi-unit construction across the city.",Klein Vetoes Separate Transit Funding Bill,"Mayor Rosa Klein vetoed a transit funding bill Friday, citing concerns over its financing structure, a decision unrelated to the housing measure she signed earlier this year.",2026-03-01,2026-05-01,"Denver, USA","Denver, USA",Rosa Klein; housing bill,Rosa Klein; transit veto,DIFFERENT_EVENT,"Same mayor, but signing a housing bill and vetoing an unrelated transit bill months later are separate events."
P0113,P013-A,P014-A,POL_013,POL_014,Politics,medium,follow_up,National Referendum on Constitutional Amendment Held,"Voters went to the polls Monday for a national referendum on a proposed constitutional amendment expanding judicial term limits, with turnout reported as unusually high.",Referendum Results Certified by Electoral Commission,"The electoral commission certified the results of Monday's referendum Friday, confirming the constitutional amendment passed with just over 54 percent support.",2026-06-01,2026-06-05,National,National,constitutional referendum,electoral commission; referendum certification,SAME_EVENT,The certification is a direct continuation of the same referendum vote described in the first article.
P0114,P013-A,P015-A,POL_013,POL_015,Politics,medium,same_date_different_location,National Referendum on Constitutional Amendment Held,"Voters went to the polls Monday for a national referendum on a proposed constitutional amendment expanding judicial term limits, with turnout reported as unusually high.",Separate State Referendum on Ballot Measure Held Same Day,"In an unrelated vote held the same day, residents of a single state decided on a local ballot measure concerning school funding, separate from the national constitutional referendum.",2026-06-01,2026-06-01,National,State-level,constitutional referendum,state ballot measure,DIFFERENT_EVENT,Two votes held on the same date but at entirely different levels of government on unrelated questions.
P0115,P016-A,P016-B,POL_016,POL_016,Politics,hard,entity_normalization,Foreign Minister Cole Visits Cairo for Trade Talks,"Foreign Minister Aiden Cole arrived in Cairo Sunday for a two-day visit focused on expanding bilateral trade agreements, according to a statement from his office.",Top Diplomat Holds Trade Discussions in Egyptian Capital,"The country's top diplomat met with Egyptian officials this week to discuss trade cooperation, part of a broader push to strengthen economic ties across the region.",2026-02-01,2026-02-01,"Cairo, Egypt","Cairo, Egypt",Aiden Cole; Cairo; trade talks,top diplomat; Egyptian capital; trade,SAME_EVENT,The second article refers to Cole only as 'the country's top diplomat' but describes the same Cairo trade visit.
P0116,P016-A,P017-A,POL_016,POL_017,Politics,hard,same_person_different_event,Foreign Minister Cole Visits Cairo for Trade Talks,"Foreign Minister Aiden Cole arrived in Cairo Sunday for a two-day visit focused on expanding bilateral trade agreements, according to a statement from his office.",Cole Travels to Nairobi for Climate Talks,"Foreign Minister Aiden Cole traveled to Nairobi in April for a separate round of discussions focused on regional climate cooperation, unrelated to his earlier trade mission.",2026-02-01,2026-04-01,"Cairo, Egypt","Nairobi, Kenya",Aiden Cole; trade talks,Aiden Cole; climate talks,DIFFERENT_EVENT,"Same minister, but a trade visit to Cairo and a separate climate visit to Nairobi two months later are distinct diplomatic events."
P0117,P018-A,P019-A,POL_018,POL_019,Politics,hard,follow_up,Parliament Passes Minimum Wage Increase,"Lawmakers approved a bill Wednesday raising the national minimum wage by 12 percent over two years, a measure that passed after months of negotiation between coalition partners.",Business Groups React to New Minimum Wage Law,"Industry associations issued mixed reactions Friday to the newly passed minimum wage increase, with small business groups warning of higher costs while labor unions praised the move.",2026-07-01,2026-07-03,National,National,parliament; minimum wage increase,business groups; minimum wage reaction,SAME_EVENT,The reaction coverage is directly tied to the same minimum wage bill passed in the first article.
P0118,P018-A,P020-A,POL_018,POL_020,Politics,medium,same_topic_different_event,Parliament Passes Minimum Wage Increase,"Lawmakers approved a bill Wednesday raising the national minimum wage by 12 percent over two years, a measure that passed after months of negotiation between coalition partners.",Separate Debate Opens on Tax Reform Bill,"Lawmakers also began debating an unrelated tax reform bill this week, a proposal that has been under discussion separately from the minimum wage legislation.",2026-07-01,2026-07-02,National,National,parliament; minimum wage,parliament; tax reform,DIFFERENT_EVENT,"Both are parliamentary economic policy stories in the same week, but they concern entirely different bills."
P0119,P014-A,P015-A,POL_014,POL_015,Politics,very_hard,same_topic_different_event,Referendum Results Certified by Electoral Commission,"The electoral commission certified the results of Monday's referendum Friday, confirming the constitutional amendment passed with just over 54 percent support.",Separate State Referendum on Ballot Measure Held Same Day,"In an unrelated vote held the same day, residents of a single state decided on a local ballot measure concerning school funding, separate from the national constitutional referendum.",2026-06-05,2026-06-01,National,State-level,referendum certification,state ballot measure,DIFFERENT_EVENT,"Both concern votes held around the same period, but the certification concerns the national constitutional referendum while the second article is about an unrelated state-level ballot measure held the same day as the original vote."
P0120,P018-B,P018-A,POL_018,POL_018,Politics,medium,different_source,Lawmakers Approve Higher Minimum Wage,"A bill raising the national minimum wage by 12 percent over two years cleared parliament Wednesday, following months of negotiation between coalition partners over the exact phase-in schedule.",Parliament Passes Minimum Wage Increase,"Lawmakers approved a bill Wednesday raising the national minimum wage by 12 percent over two years, a measure that passed after months of negotiation between coalition partners.",2026-07-01,2026-07-01,National,National,parliament; minimum wage increase,parliament; minimum wage increase,SAME_EVENT,"Both articles describe the identical minimum wage bill passing parliament on the same date, reported with different emphasis and structure."
P0121,B011-A,B011-B,BIZ_011,BIZ_011,Business,easy,paraphrase,Velcorp Recalls Sedan Model Over Brake Defect,"Automaker Velcorp announced a recall Thursday of roughly 80,000 sedans after discovering a defect in the braking system that could increase stopping distances, the company said.",Velcorp Issues Recall for Braking Issue in Sedans,"Velcorp is recalling tens of thousands of its sedan model due to a brake defect, the company confirmed this week, urging owners to schedule inspections at authorized dealers.",2026-01-15,2026-01-15,"Detroit, USA","Detroit, USA",Velcorp; sedan recall,Velcorp; brake defect,SAME_EVENT,Both describe the same Velcorp sedan recall over the same braking defect.
P0122,B011-A,B012-A,BIZ_011,BIZ_012,Business,medium,follow_up,Velcorp Recalls Sedan Model Over Brake Defect,"Automaker Velcorp announced a recall Thursday of roughly 80,000 sedans after discovering a defect in the braking system that could increase stopping distances, the company said.",Velcorp Expands Recall to Include SUV Model,Velcorp said Sunday it is expanding its recent recall to include a related SUV model that shares the same braking component identified as defective in its sedans.,2026-01-15,2026-02-01,"Detroit, USA","Detroit, USA",Velcorp; sedan recall,Velcorp; SUV recall expansion,SAME_EVENT,The expanded recall is a direct continuation of the same defect and recall process described in the first article.
P0123,B011-A,B013-A,BIZ_011,BIZ_013,Business,easy,same_entity_different_event,Velcorp Recalls Sedan Model Over Brake Defect,"Automaker Velcorp announced a recall Thursday of roughly 80,000 sedans after discovering a defect in the braking system that could increase stopping distances, the company said.",Velcorp Announces New EV Factory,"Separately, Velcorp announced plans Sunday to build a new electric vehicle factory, an investment the company says will create over 2,000 jobs, unrelated to its recent recall.",2026-01-15,2026-03-01,"Detroit, USA","Detroit, USA",Velcorp; recall,Velcorp; EV factory,DIFFERENT_EVENT,"Same automaker, but a safety recall and an unrelated new factory announcement weeks later are separate events."
P0124,B014-A,B014-B,BIZ_014,BIZ_014,Business,medium,different_source,SkyBridge Announces New Route to Singapore,"Airline SkyBridge unveiled a new nonstop route connecting its hub city to Singapore Wednesday, with flights set to begin in the fall.",SkyBridge to Launch Direct Singapore Service,"SkyBridge said this week it will begin direct flights to Singapore later this year, expanding its presence in Southeast Asia.",2026-04-01,2026-04-01,Undisclosed,Undisclosed,SkyBridge; Singapore route,SkyBridge; Singapore service,SAME_EVENT,Both describe the identical newly announced SkyBridge route to Singapore.
P0125,B014-A,B015-A,BIZ_014,BIZ_015,Business,medium,same_topic_different_event,SkyBridge Announces New Route to Singapore,"Airline SkyBridge unveiled a new nonstop route connecting its hub city to Singapore Wednesday, with flights set to begin in the fall.",JetLoop Announces Competing Singapore Route,"Rival carrier JetLoop announced its own new route to Singapore Friday, entering a market recently targeted by a competitor with a similar service announced days earlier.",2026-04-01,2026-04-10,Undisclosed,Undisclosed,SkyBridge; Singapore route,JetLoop; Singapore route,DIFFERENT_EVENT,"Both are new airline routes to Singapore announced the same month, but by two separate, competing airlines."
P0126,B016-A,B017-A,BIZ_016,BIZ_016,Business,medium,breaking_update,"Renix Announces Layoffs Affecting 1,200 Workers","Tech firm Renix said Friday it is cutting 1,200 jobs, roughly 15 percent of its workforce, as part of a broader cost-cutting effort amid slowing sales.",Renix Stock Falls Following Layoff Announcement,Shares of Renix dropped 8 percent Monday after investors reacted to the company's announcement last week that it would cut over a thousand jobs.,2026-05-01,2026-05-04,"San Jose, USA","San Jose, USA",Renix; layoffs,Renix; stock drop,SAME_EVENT,The stock reaction is directly tied to the same layoff announcement described in the first article.
P0127,B016-A,B018-A,BIZ_016,BIZ_018,Business,hard,different_incident,"Renix Announces Layoffs Affecting 1,200 Workers","Tech firm Renix said Friday it is cutting 1,200 jobs, roughly 15 percent of its workforce, as part of a broader cost-cutting effort amid slowing sales.",Brightline Also Announces Layoffs Same Week,"In an unrelated move, San Jose-based Brightline confirmed Tuesday it is laying off 400 employees, a decision separate from other tech job cuts announced in the region this week.",2026-05-01,2026-05-03,"San Jose, USA","San Jose, USA",Renix; layoffs,Brightline; layoffs,DIFFERENT_EVENT,"Same city and same type of news within days, but two unrelated companies conducting separate layoffs."
P0128,B019-A,B019-B,BIZ_019,BIZ_019,Business,hard,different_detail_level,BrewHaus Opens 500th Store,"Coffee chain BrewHaus celebrated the opening of its 500th location Monday, a milestone the company says reflects steady growth since its founding a decade ago.",Milestone for BrewHaus as Chain Reaches 500 Locations,"BrewHaus marked a significant milestone this week, opening its 500th store in a ceremony attended by company founders. The chain, which started as a single shop, has expanded at a rate of roughly 50 new locations per year over the past decade, executives said, crediting a loyalty app and consistent store design for helping it stand out in a crowded market. The company also confirmed plans to expand into three new international markets next year, with the first overseas locations expected to open by the second quarter.",2026-06-01,2026-06-02,Undisclosed,Undisclosed,BrewHaus; 500th store,BrewHaus; expansion milestone,SAME_EVENT,The second article provides much richer detail about the same 500th-store milestone briefly reported in the first.
P0129,B019-A,B020-A,BIZ_019,BIZ_020,Business,hard,same_entities_different_date,BrewHaus Opens 500th Store,"Coffee chain BrewHaus celebrated the opening of its 500th location Monday, a milestone the company says reflects steady growth since its founding a decade ago.",BrewHaus Opens 600th Store Months Later,"BrewHaus reached another milestone in November, opening its 600th location as the chain continues its rapid expansion pace from earlier in the year.",2026-06-01,2026-11-01,Undisclosed,Undisclosed,BrewHaus; 500th store,BrewHaus; 600th store,DIFFERENT_EVENT,"Same chain and nearly identical framing, but the two milestones are separate store openings months apart."
P0130,B012-A,B013-A,BIZ_012,BIZ_013,Business,very_hard,same_entity_different_event,Velcorp Expands Recall to Include SUV Model,Velcorp said Sunday it is expanding its recent recall to include a related SUV model that shares the same braking component identified as defective in its sedans.,Velcorp Announces New EV Factory,"Separately, Velcorp announced plans Sunday to build a new electric vehicle factory, an investment the company says will create over 2,000 jobs, unrelated to its recent recall.",2026-02-01,2026-03-01,"Detroit, USA","Detroit, USA",Velcorp; SUV recall expansion,Velcorp; EV factory,DIFFERENT_EVENT,"Both are Velcorp corporate news items within weeks of each other, but the recall expansion and the unrelated new factory announcement are separate events."
P0131,SP012-A,SP012-B,SPORT_012,SPORT_012,Sports,easy,paraphrase,Theo Wren Wins Mountain Stage of Grand Tour,"Cyclist Theo Wren won the grueling mountain stage of the Grand Tour Friday, surging ahead on the final climb in the Alps to take the stage by 40 seconds.",Wren Powers to Alpine Stage Victory,"Theo Wren claimed victory on the Grand Tour's toughest mountain stage this week, breaking away from the peloton on the final ascent to win by a comfortable margin in the Alps.",2026-07-10,2026-07-10,French Alps,French Alps,Theo Wren; Grand Tour mountain stage,Theo Wren; Grand Tour,SAME_EVENT,Both describe the same Alpine mountain stage victory by Wren on the same date.
P0132,SP012-A,SP013-A,SPORT_012,SPORT_013,Sports,hard,follow_up,Theo Wren Wins Mountain Stage of Grand Tour,"Cyclist Theo Wren won the grueling mountain stage of the Grand Tour Friday, surging ahead on the final climb in the Alps to take the stage by 40 seconds.",Wren Wins Overall Grand Tour Title,"Theo Wren secured the overall Grand Tour title Sunday, finishing the three-week race with a comfortable lead built partly on his mountain stage win earlier in the event.",2026-07-10,2026-07-20,French Alps,"Paris, France",Theo Wren; mountain stage,Theo Wren; overall Grand Tour title,SAME_EVENT,"The overall title win is the culmination of the same Grand Tour race in which the earlier stage victory occurred, forming one broader event."
P0133,SP012-A,SP014-A,SPORT_012,SPORT_014,Sports,medium,different_incident,Theo Wren Wins Mountain Stage of Grand Tour,"Cyclist Theo Wren won the grueling mountain stage of the Grand Tour Friday, surging ahead on the final climb in the Alps to take the stage by 40 seconds.",Different Rider Wins Separate Grand Tour Stage,"Another cyclist took the win in a separate flat stage of the Grand Tour on Sunday, two days after Wren's mountain stage victory, in a bunch sprint finish.",2026-07-10,2026-07-12,French Alps,French countryside,Theo Wren; mountain stage,different rider; flat stage,DIFFERENT_EVENT,"Same race and overlapping timeframe, but these are two separate individual stage victories won by different riders."
P0134,SP015-A,SP015-B,SPORT_015,SPORT_015,Sports,medium,different_source,Nadia Cruz Wins World Title Bout,"Boxer Nadia Cruz won the world title Saturday night in Las Vegas, defeating the defending champion by unanimous decision in a closely fought bout.",Cruz Claims Championship Belt in Vegas Thriller,Nadia Cruz became the new world champion Saturday after outpointing the reigning titleholder over twelve rounds in a bout that had fans on their feet in Las Vegas.,2026-08-01,2026-08-01,"Las Vegas, USA","Las Vegas, USA",Nadia Cruz; world title bout,Nadia Cruz; championship,SAME_EVENT,Both describe the same Cruz title win by the same result on the same night.
P0135,SP015-A,SP016-A,SPORT_015,SPORT_016,Sports,hard,same_entities_different_date,Nadia Cruz Wins World Title Bout,"Boxer Nadia Cruz won the world title Saturday night in Las Vegas, defeating the defending champion by unanimous decision in a closely fought bout.",Cruz Announces Title Defense a Year Later,"Nadia Cruz announced her first title defense fight Sunday, set to take place a year after she originally won the championship belt.",2026-08-01,2027-08-01,"Las Vegas, USA",Undisclosed,Nadia Cruz; world title win,Nadia Cruz; title defense,DIFFERENT_EVENT,"Same boxer and same championship, but winning the title and announcing a defense fight a year later are separate events."
P0136,SP017-A,SP018-A,SPORT_017,SPORT_018,Sports,medium,follow_up,Solmark Hires New Manager,"Football club Solmark announced Monday it has hired a new head coach on a three-year deal, ending a lengthy managerial search following last season's disappointing finish.",New Solmark Manager Wins First Match,"Solmark's newly appointed manager oversaw his first match in charge Sunday, guiding the club to a 2-0 win in his managerial debut.",2026-01-05,2026-01-12,Undisclosed,Undisclosed,Solmark; new manager hire,Solmark; manager's first match,SAME_EVENT,The debut match is a direct continuation of the same managerial hire described in the first article.
P0137,SP017-A,SP019-A,SPORT_017,SPORT_019,Sports,easy,different_incident,Solmark Hires New Manager,"Football club Solmark announced Monday it has hired a new head coach on a three-year deal, ending a lengthy managerial search following last season's disappointing finish.",Rival Club Vantage Also Hires New Manager,"In an unrelated move, Vantage announced its own new head coach hire Tuesday, a decision separate from other managerial changes across the league this week.",2026-01-05,2026-01-06,Undisclosed,Undisclosed,Solmark; new manager,Vantage; new manager,DIFFERENT_EVENT,Two different football clubs making separate managerial hires within a day of each other.
P0138,SP020-A,SP020-B,SPORT_020,SPORT_020,Sports,medium,different_source,Swim Championships Open With Multiple Records Broken,"The national swim championships kicked off in Melbourne Friday, with three national records falling on the opening day of competition.",Records Tumble on Opening Day of Swim Championships,"Melbourne's swim championships got off to a record-breaking start Friday, as swimmers posted three new national marks across separate events on day one.",2026-05-01,2026-05-01,"Melbourne, Australia","Melbourne, Australia",swim championships; records,swim championships; records,SAME_EVENT,Both cover the same opening day of the Melbourne swim championships and the same three records.
P0139,SP013-A,SP014-A,SPORT_013,SPORT_014,Sports,hard,different_incident,Wren Wins Overall Grand Tour Title,"Theo Wren secured the overall Grand Tour title Sunday, finishing the three-week race with a comfortable lead built partly on his mountain stage win earlier in the event.",Different Rider Wins Separate Grand Tour Stage,"Another cyclist took the win in a separate flat stage of the Grand Tour on Sunday, two days after Wren's mountain stage victory, in a bunch sprint finish.",2026-07-20,2026-07-12,"Paris, France",French countryside,Theo Wren; overall title,different rider; flat stage,DIFFERENT_EVENT,"Both concern the same Grand Tour race, but the overall title win by Wren and a separate flat-stage win by another rider days earlier are different sub-events within the tour."
P0140,SP018-A,SP019-A,SPORT_018,SPORT_019,Sports,very_hard,different_incident,New Solmark Manager Wins First Match,"Solmark's newly appointed manager oversaw his first match in charge Sunday, guiding the club to a 2-0 win in his managerial debut.",Rival Club Vantage Also Hires New Manager,"In an unrelated move, Vantage announced its own new head coach hire Tuesday, a decision separate from other managerial changes across the league this week.",2026-01-12,2026-01-06,Undisclosed,Undisclosed,Solmark; manager's first match,Vantage; new manager,DIFFERENT_EVENT,"Both are managerial-change stories involving football clubs in the same week, but Solmark's coaching debut and Vantage's separate hire concern two entirely different clubs."
P0141,SC011-A,SC011-B,SCI_011,SCI_011,Science,easy,paraphrase,Physicists Detect Signal of Possible New Particle,"Researchers at a Geneva particle collider reported detecting an unusual signal Sunday that could indicate a previously unobserved subatomic particle, though they cautioned further analysis was needed to confirm the finding.",Collider Data Hints at Undiscovered Particle,"Scientists working at the Geneva collider said this week that recent data shows an anomaly consistent with a new particle, though the result falls short of the statistical threshold typically required for a confirmed discovery.",2026-02-01,2026-02-01,"Geneva, Switzerland","Geneva, Switzerland",Geneva collider; particle signal,Geneva collider; particle anomaly,SAME_EVENT,Both describe the same preliminary particle signal detected at the Geneva collider around the same date.
P0142,SC011-A,SC012-A,SCI_011,SCI_012,Science,hard,follow_up,Physicists Detect Signal of Possible New Particle,"Researchers at a Geneva particle collider reported detecting an unusual signal Sunday that could indicate a previously unobserved subatomic particle, though they cautioned further analysis was needed to confirm the finding.",Physicists Confirm New Particle Discovery,"After months of additional analysis, researchers confirmed Saturday that the signal detected earlier this year does represent a genuine new particle, clearing the statistical bar required for discovery.",2026-02-01,2026-08-01,"Geneva, Switzerland","Geneva, Switzerland",Geneva collider; particle signal,Geneva collider; confirmed discovery,SAME_EVENT,The confirmation is a direct continuation of the same particle signal first reported months earlier.
P0143,SC011-A,SC013-A,SCI_011,SCI_013,Science,medium,same_topic_different_event,Physicists Detect Signal of Possible New Particle,"Researchers at a Geneva particle collider reported detecting an unusual signal Sunday that could indicate a previously unobserved subatomic particle, though they cautioned further analysis was needed to confirm the finding.",Separate Collider Experiment Reports Different Anomaly,"A different research team at the same facility reported an unrelated anomaly Sunday in a separate detector, involving a distinct energy range from the earlier particle signal.",2026-02-01,2026-03-01,"Geneva, Switzerland","Geneva, Switzerland",Geneva collider; particle signal,Geneva collider; separate anomaly,DIFFERENT_EVENT,"Same facility and similar physics topic, but two unrelated anomalies detected by different teams in different detectors."
P0144,SC014-A,SC014-B,SCI_014,SCI_014,Science,medium,different_source,Marine Biologists Discover New Deep-Sea Species,"Researchers exploring the Pacific Ocean floor announced Wednesday the discovery of a new deep-sea species, an eyeless fish found at a depth of over 6,000 meters.",New Deep-Ocean Fish Species Found in Pacific,"A previously unknown species of fish was identified this week by scientists studying the deep Pacific, found thriving at extreme depths where sunlight never reaches.",2026-04-01,2026-04-01,Pacific Ocean,Pacific Ocean,deep-sea species; Pacific Ocean,deep-sea fish; Pacific,SAME_EVENT,Both describe the same newly discovered deep-sea species found at the same depth in the Pacific.
P0145,SC014-A,SC016-A,SCI_014,SCI_016,Science,hard,different_incident,Marine Biologists Discover New Deep-Sea Species,"Researchers exploring the Pacific Ocean floor announced Wednesday the discovery of a new deep-sea species, an eyeless fish found at a depth of over 6,000 meters.",Different Expedition Finds Separate New Species,"A separate research expedition in the same ocean reported finding an entirely different new species of deep-sea crustacean two weeks later, unrelated to the earlier fish discovery.",2026-04-01,2026-04-15,Pacific Ocean,Pacific Ocean,deep-sea fish species,deep-sea crustacean species,DIFFERENT_EVENT,"Same ocean and similar type of discovery, but two separate expeditions finding two different new species weeks apart."
P0146,SC017-A,SC018-A,SCI_017,SCI_018,Science,medium,follow_up,Study Finds Gene Therapy Shows Promise for Rare Disease,"A newly published study found that an experimental gene therapy significantly improved symptoms in patients with a rare genetic disorder, researchers reported Saturday.",Gene Therapy Enters Phase 2 Trials,"The experimental gene therapy that showed early promise earlier this year has advanced to phase 2 clinical trials, researchers announced Wednesday, expanding the study to a larger group of patients.",2026-01-10,2026-07-01,Undisclosed,Undisclosed,gene therapy; rare disease study,gene therapy; phase 2 trials,SAME_EVENT,The phase 2 trial launch is a direct continuation of the same gene therapy research described in the first article.
P0147,SC017-A,SC019-A,SCI_017,SCI_019,Science,easy,same_topic_different_event,Study Finds Gene Therapy Shows Promise for Rare Disease,"A newly published study found that an experimental gene therapy significantly improved symptoms in patients with a rare genetic disorder, researchers reported Saturday.",Unrelated Gene Therapy Study Targets Different Disease,"A separate research group published findings Tuesday on a different gene therapy targeting an unrelated genetic disease, distinct from other gene therapy research published this month.",2026-01-10,2026-01-20,Undisclosed,Undisclosed,gene therapy; rare disease,gene therapy; different disease,DIFFERENT_EVENT,"Both are gene therapy studies published close together, but they target entirely different diseases from unrelated research groups."
P0148,SC020-A,SC020-B,SCI_020,SCI_020,Science,medium,different_style,Telescope Captures Image of Galaxy Collision,"A space telescope captured a striking image Monday of two galaxies in the process of colliding, offering astronomers a rare close-up view of the merger.",Behind the Image: How Astronomers Captured a Galaxy Merger,"The recently released image of two colliding galaxies required stitching together dozens of individual exposures over several nights, mission scientists explained this week, detailing the specialized filters used to isolate faint structures in the galaxies' outer arms. The team said the collision, which began millions of years ago and will continue for millions more, offers a preview of what may eventually happen when the Milky Way merges with a neighboring galaxy in the distant future. Researchers plan to study the merger further using additional instruments to map gas flows between the two colliding systems.",2026-06-01,2026-06-05,Undisclosed,Undisclosed,galaxy collision; telescope image,galaxy merger; telescope image,SAME_EVENT,A brief breaking report and a longer technical explainer both describe the same telescope image of the same galaxy collision.
P0149,SC015-A,SC016-A,SCI_015,SCI_016,Science,hard,different_incident,Deep-Sea Fish Species Reclassified After DNA Analysis,Scientists said Tuesday that the deep-sea fish species discovered earlier this year has been reclassified into a new genus after DNA analysis revealed it was more distinct from known relatives than initially thought.,Different Expedition Finds Separate New Species,"A separate research expedition in the same ocean reported finding an entirely different new species of deep-sea crustacean two weeks later, unrelated to the earlier fish discovery.",2026-09-01,2026-04-15,Pacific Ocean,Pacific Ocean,deep-sea fish; reclassification,deep-sea crustacean species,DIFFERENT_EVENT,"Both concern deep-sea Pacific discoveries from around the same research period, but the reclassification concerns the original fish species while the second article is about an unrelated crustacean found on a separate expedition."
P0150,SC012-A,SC013-A,SCI_012,SCI_013,Science,very_hard,same_topic_different_event,Physicists Confirm New Particle Discovery,"After months of additional analysis, researchers confirmed Saturday that the signal detected earlier this year does represent a genuine new particle, clearing the statistical bar required for discovery.",Separate Collider Experiment Reports Different Anomaly,"A different research team at the same facility reported an unrelated anomaly Sunday in a separate detector, involving a distinct energy range from the earlier particle signal.",2026-08-01,2026-03-01,"Geneva, Switzerland","Geneva, Switzerland",Geneva collider; confirmed particle,Geneva collider; separate anomaly,DIFFERENT_EVENT,"Both are particle-physics findings from the same collider facility, but the confirmed discovery traces back to the original 2026-02-01 signal while the anomaly is an unrelated finding from a different detector team."
P0151,W011-A,W011-B,WORLD_011,WORLD_011,World,easy,paraphrase,Volcano Erupts in Salinas Islands,"A volcano on the Salinas Islands erupted early Sunday, sending ash plumes several kilometers into the sky and prompting authorities to raise the alert level to maximum.",Salinas Volcano Eruption Sends Ash Skyward,"Residents of the Salinas Islands were jolted awake Sunday by a volcanic eruption that blanketed nearby villages in ash, officials said, as the region's alert level was raised to its highest setting.",2026-02-01,2026-02-01,Salinas Islands,Salinas Islands,Salinas Islands; volcano eruption,Salinas Islands; volcanic ash,SAME_EVENT,Both describe the same volcanic eruption on the Salinas Islands on the same date.
P0152,W011-A,W012-A,WORLD_011,WORLD_012,World,medium,follow_up,Volcano Erupts in Salinas Islands,"A volcano on the Salinas Islands erupted early Sunday, sending ash plumes several kilometers into the sky and prompting authorities to raise the alert level to maximum.",Evacuation Completed After Salinas Volcano Eruption,"Authorities said Tuesday they have completed the evacuation of villages near the Salinas volcano, two days after the eruption forced thousands from their homes.",2026-02-01,2026-02-03,Salinas Islands,Salinas Islands,Salinas Islands; volcano eruption,Salinas Islands; evacuation completed,SAME_EVENT,The completed evacuation is a direct continuation of the same eruption event described in the first article.
P0153,W011-A,W013-A,WORLD_011,WORLD_013,World,hard,different_incident,Volcano Erupts in Salinas Islands,"A volcano on the Salinas Islands erupted early Sunday, sending ash plumes several kilometers into the sky and prompting authorities to raise the alert level to maximum.",Separate Volcanic Activity Reported on Different Islands,"Volcanologists reported new activity Tuesday on a separate island chain hundreds of kilometers away, unrelated to the recent eruption on the Salinas Islands.",2026-02-01,2026-02-10,Salinas Islands,Different island chain,Salinas Islands; eruption,different island chain; volcanic activity,DIFFERENT_EVENT,"Both are volcanic events in the same general period, but they occur on entirely different island chains and are unrelated geological events."
P0154,W014-A,W015-A,WORLD_014,WORLD_015,World,medium,follow_up,Trade Summit Opens Between Regional Bloc Nations,Leaders from across the regional trade bloc gathered in Jakarta on Sunday for the opening of a summit focused on reducing tariffs among member states.,Regional Trade Summit Concludes With New Tariff Deal,"The Jakarta trade summit wrapped up Thursday with member nations agreeing to a new framework reducing tariffs on several categories of goods, officials announced.",2026-03-01,2026-03-05,"Jakarta, Indonesia","Jakarta, Indonesia",regional trade bloc; summit,regional trade bloc; tariff agreement,SAME_EVENT,The tariff agreement is the concluding outcome of the same summit described in the first article.
P0155,W014-A,W016-A,WORLD_014,WORLD_016,World,medium,same_location_different_event,Trade Summit Opens Between Regional Bloc Nations,Leaders from across the regional trade bloc gathered in Jakarta on Sunday for the opening of a summit focused on reducing tariffs among member states.,Separate Regional Security Summit Held in Jakarta,"A different gathering, focused on regional security cooperation, convened in Jakarta this week, unrelated to the trade summit held in the same city the previous month.",2026-03-01,2026-04-01,"Jakarta, Indonesia","Jakarta, Indonesia",regional trade bloc; summit,regional security summit,DIFFERENT_EVENT,"Same host city, but a trade summit and a separate security summit held weeks apart are distinct events with different agendas."
P0156,W017-A,W017-B,WORLD_017,WORLD_017,World,medium,different_source,Refugee Crisis Worsens Along Veyland Border,"Aid workers reported a sharp increase in refugees crossing the Veyland border this week, straining already overcrowded camps and prompting calls for urgent international support.",Border Crossings Surge as Veyland Crisis Deepens,"Humanitarian groups operating near the Veyland border said crossings have surged in recent days, with camp capacity far outstripped by the number of new arrivals, according to a briefing delivered by aid coordinators based in a neighboring capital.",2026-05-01,2026-05-02,Veyland border,Neighboring capital (regional bureau),Veyland border; refugee crisis,Veyland border; refugee surge,SAME_EVENT,"Both describe the same worsening refugee crisis at the Veyland border, one reported from the border itself and the other from a regional bureau in a neighboring capital, showing that same-event coverage can carry different datelines."
P0157,W017-A,W018-A,WORLD_017,WORLD_018,World,hard,follow_up,Refugee Crisis Worsens Along Veyland Border,"Aid workers reported a sharp increase in refugees crossing the Veyland border this week, straining already overcrowded camps and prompting calls for urgent international support.",International Aid Pledged for Veyland Refugees,"Several countries pledged emergency humanitarian aid Sunday for refugees at the Veyland border, responding directly to the worsening crisis reported earlier in the week.",2026-05-01,2026-05-10,Veyland border,Various,Veyland border; refugee crisis,international aid; Veyland refugees,SAME_EVENT,"The aid pledges are a direct response to the same crisis described in the first article, forming a single developing event."
P0158,W017-A,W019-A,WORLD_017,WORLD_019,World,hard,different_incident,Refugee Crisis Worsens Along Veyland Border,"Aid workers reported a sharp increase in refugees crossing the Veyland border this week, straining already overcrowded camps and prompting calls for urgent international support.",Unrelated Refugee Situation Reported in Different Region,"A separate refugee situation unfolded in a different part of the world this week, unrelated to the crisis along the Veyland border, as aid groups warned of similar capacity concerns at camps there.",2026-05-01,2026-05-15,Veyland border,Different region,Veyland border; refugee crisis,different region; refugee situation,DIFFERENT_EVENT,"Both are refugee crisis stories in the same week with similar language, but they concern entirely different border regions and populations."
P0159,W020-A,W021-A,WORLD_020,WORLD_021,World,easy,same_person_different_event,Head of State Makes Historic Visit to Former Rival Nation,"The president made a historic visit Monday to a nation long considered a rival, the first such trip by a sitting head of state in over three decades.",President's Planned Visit to Third Nation Postponed,"A separately planned visit by the president to a third country was postponed this month due to scheduling conflicts, unrelated to the earlier historic trip to a former rival nation.",2026-06-01,2026-07-01,Former rival nation,Third nation,president; historic visit,president; postponed visit,DIFFERENT_EVENT,"Same head of state, but a completed historic visit and a separate postponed trip to a different country a month later are unrelated events."
P0160,W018-A,W019-A,WORLD_018,WORLD_019,World,very_hard,same_topic_different_event,International Aid Pledged for Veyland Refugees,"Several countries pledged emergency humanitarian aid Sunday for refugees at the Veyland border, responding directly to the worsening crisis reported earlier in the week.",Unrelated Refugee Situation Reported in Different Region,"A separate refugee situation unfolded in a different part of the world this week, unrelated to the crisis along the Veyland border, as aid groups warned of similar capacity concerns at camps there.",2026-05-10,2026-05-15,Various,Different region,international aid; Veyland refugees,different region; refugee situation,DIFFERENT_EVENT,"Both are humanitarian aid stories involving refugee crises in the same general period, but the aid pledges are specific to the Veyland border crisis while the second article concerns an entirely separate refugee situation elsewhere."
P0161,H011-A,H011-B,HEALTH_011,HEALTH_011,Health,easy,paraphrase,New Surgical Robot Approved for Hospital Use,"Health regulators approved a new surgical robot for use in hospitals Sunday, following trials showing improved precision in minimally invasive procedures.",Regulators Clear New Robotic Surgery System,"A new robotic surgical system received regulatory clearance this week, paving the way for hospitals to begin adopting the technology for a range of minimally invasive operations.",2026-02-01,2026-02-01,Undisclosed,Undisclosed,surgical robot; regulatory approval,robotic surgery system; clearance,SAME_EVENT,Both describe the same regulatory approval of the new surgical robot around the same date.
P0162,H011-A,H012-A,HEALTH_011,HEALTH_012,Health,medium,follow_up,New Surgical Robot Approved for Hospital Use,"Health regulators approved a new surgical robot for use in hospitals Sunday, following trials showing improved precision in minimally invasive procedures.",First Surgery Performed Using New Robotic System,"Surgeons performed the first operation using the newly approved robotic surgical system Sunday, a procedure hospital officials called a milestone for the technology.",2026-02-01,2026-03-01,Undisclosed,Undisclosed,surgical robot; approval,surgical robot; first surgery,SAME_EVENT,The first surgery is a direct continuation of the same robotic system's approval and rollout described in the first article.
P0163,H011-A,H013-A,HEALTH_011,HEALTH_013,Health,easy,different_incident,New Surgical Robot Approved for Hospital Use,"Health regulators approved a new surgical robot for use in hospitals Sunday, following trials showing improved precision in minimally invasive procedures.",Separate Surgical Device Approved by Different Manufacturer,"A different medical device maker received approval Sunday for its own surgical device, unrelated to the robotic system approved by a competitor earlier this month.",2026-02-01,2026-02-15,Undisclosed,Undisclosed,surgical robot; approval,surgical device; different manufacturer,DIFFERENT_EVENT,Two separate medical device approvals from two different manufacturers within the same month.
P0164,H014-A,H014-B,HEALTH_014,HEALTH_014,Health,medium,different_source,Study Finds Air Pollution Linked to Rising Asthma Rates,Researchers published a study Wednesday finding a strong association between air pollution exposure and increased asthma diagnoses in children living near major roadways.,"Air Pollution Tied to Childhood Asthma, Study Finds","A new study released this week links higher levels of air pollution to elevated rates of asthma among children, particularly in neighborhoods close to heavy traffic corridors.",2026-04-01,2026-04-01,Undisclosed,Undisclosed,air pollution study; asthma,air pollution; childhood asthma,SAME_EVENT,Both articles report the same air pollution and asthma study published the same week.
P0165,H014-A,H015-A,HEALTH_014,HEALTH_015,Health,medium,same_topic_different_event,Study Finds Air Pollution Linked to Rising Asthma Rates,Researchers published a study Wednesday finding a strong association between air pollution exposure and increased asthma diagnoses in children living near major roadways.,City Announces Separate Clean Air Initiative,"City officials unveiled a new clean air initiative Monday, part of a broader environmental policy agenda that had been under development for over a year, separate from any single research study.",2026-04-01,2026-04-20,Undisclosed,Undisclosed,air pollution study; asthma,city; clean air initiative,DIFFERENT_EVENT,"Both concern air quality, but the asthma study and a separate, independently planned city policy initiative are distinct events."
P0166,H014-A,H016-A,HEALTH_014,HEALTH_016,Health,hard,different_incident,Study Finds Air Pollution Linked to Rising Asthma Rates,Researchers published a study Wednesday finding a strong association between air pollution exposure and increased asthma diagnoses in children living near major roadways.,Separate Pollution Study Conducted in Different City,"A different research team published its own air pollution study Friday, focused on a different city and unrelated to the asthma findings released earlier in the month.",2026-04-01,2026-04-10,Undisclosed,Different city,air pollution study; asthma,air pollution study; different city,DIFFERENT_EVENT,"Both are air pollution studies published close together, but they are separate research projects covering different cities and research teams."
P0167,H017-A,H018-A,HEALTH_017,HEALTH_018,Health,hard,follow_up,Mental Health Awareness Campaign Launched Nationally,"A national mental health awareness campaign launched Friday, aiming to reduce stigma and increase access to counseling services across the country.",Mental Health Campaign Expands Into Schools,"Organizers of the national mental health campaign announced Monday it is expanding into schools, adding classroom resources for students following the initiative's launch last month.",2026-05-01,2026-06-01,National,National,mental health campaign; launch,mental health campaign; schools expansion,SAME_EVENT,The school expansion is a direct continuation of the same national campaign described in the first article.
P0168,H017-A,H019-A,HEALTH_017,HEALTH_019,Health,medium,same_topic_different_event,Mental Health Awareness Campaign Launched Nationally,"A national mental health awareness campaign launched Friday, aiming to reduce stigma and increase access to counseling services across the country.",Unrelated Wellness Campaign Launched by Different Organization,"A separate organization launched its own wellness campaign Wednesday, focused on physical fitness rather than mental health, unrelated to other awareness initiatives launched this month.",2026-05-01,2026-05-05,National,National,mental health campaign,wellness campaign; different organization,DIFFERENT_EVENT,"Both are public health awareness campaigns launched close together, but by different organizations focused on different issues."
P0169,H020-A,H020-B,HEALTH_020,HEALTH_020,Health,hard,different_style,Foodborne Illness Outbreak Linked to Restaurant Chain,"Health officials confirmed Thursday that a foodborne illness outbreak has been linked to a popular restaurant chain, with at least 40 confirmed cases across several locations.",Investigators Trace Outbreak to Contaminated Produce Supplier,"An investigation into the recent foodborne illness outbreak linked to a restaurant chain has traced the source to a contaminated produce supplier, health officials said Tuesday, detailing how a batch of leafy greens tested positive for the same bacterial strain identified in sickened patients. The chain has since pulled the affected product from all of its locations nationwide and switched to an alternative supplier while the investigation continues. Officials said the case count could still rise as more results come back from labs processing samples from recently reported illnesses.",2026-01-01,2026-01-08,Undisclosed,Undisclosed,foodborne illness; restaurant chain,foodborne illness; contaminated supplier,SAME_EVENT,A short breaking report and a longer investigative follow-up both describe the same restaurant chain foodborne illness outbreak.
P0170,H015-A,H016-A,HEALTH_015,HEALTH_016,Health,very_hard,same_topic_different_event,City Announces Separate Clean Air Initiative,"City officials unveiled a new clean air initiative Monday, part of a broader environmental policy agenda that had been under development for over a year, separate from any single research study.",Separate Pollution Study Conducted in Different City,"A different research team published its own air pollution study Friday, focused on a different city and unrelated to the asthma findings released earlier in the month.",2026-04-20,2026-04-10,Undisclosed,Different city,city; clean air initiative,air pollution study; different city,DIFFERENT_EVENT,"Both are air-quality-related stories from the same general period, but the clean air initiative is an independent city policy while the second article is an unrelated pollution study in a different city."
P0171,E011-A,E011-B,ENV_011,ENV_011,Environment,easy,paraphrase,Drought Declared in Amber Valley Region,Officials declared a drought emergency in the Amber Valley region Sunday after months of below-average rainfall left reservoir levels critically low.,Amber Valley Faces Drought Emergency Declaration,"A drought emergency was declared this week for the Amber Valley region, as officials warned that persistently low rainfall has pushed water reserves to historic lows.",2026-03-01,2026-03-01,Amber Valley region,Amber Valley region,Amber Valley; drought declaration,Amber Valley; drought emergency,SAME_EVENT,Both describe the same drought emergency declaration for Amber Valley around the same date.
P0172,E011-A,E012-A,ENV_011,ENV_012,Environment,medium,follow_up,Drought Declared in Amber Valley Region,Officials declared a drought emergency in the Amber Valley region Sunday after months of below-average rainfall left reservoir levels critically low.,Water Restrictions Imposed Amid Amber Valley Drought,"Authorities imposed mandatory water restrictions Sunday for residents of the Amber Valley region, a direct response to the drought emergency declared earlier this month.",2026-03-01,2026-03-15,Amber Valley region,Amber Valley region,Amber Valley; drought,Amber Valley; water restrictions,SAME_EVENT,The water restrictions are a direct policy response to the same drought event described in the first article.
P0173,E011-A,E013-A,ENV_011,ENV_013,Environment,easy,different_incident,Drought Declared in Amber Valley Region,Officials declared a drought emergency in the Amber Valley region Sunday after months of below-average rainfall left reservoir levels critically low.,Separate Drought Declared in Different Region,"A different region declared its own drought emergency Friday, unrelated to the earlier declaration for the Amber Valley area, as dry conditions spread across the country.",2026-03-01,2026-03-20,Amber Valley region,Different region,Amber Valley; drought,different region; drought,DIFFERENT_EVENT,"Two separate drought declarations for two different regions weeks apart, despite similar circumstances."
P0174,E014-A,E015-A,ENV_014,ENV_015,Environment,medium,follow_up,New National Park Established,"Lawmakers approved the establishment of a new national park Wednesday, protecting over 200,000 acres of wilderness from future development.",New National Park Opens to First Visitors,"The newly established national park opened its gates to visitors for the first time Monday, two months after lawmakers approved its creation.",2026-04-01,2026-06-01,Undisclosed,Undisclosed,national park; establishment,national park; opening,SAME_EVENT,The park opening is a direct continuation of the same park's establishment described in the first article.
P0175,E014-A,E016-A,ENV_014,ENV_016,Environment,medium,same_topic_different_event,New National Park Established,"Lawmakers approved the establishment of a new national park Wednesday, protecting over 200,000 acres of wilderness from future development.",Separate Conservation Area Proposed Elsewhere,"A different conservation proposal was introduced Friday for a separate stretch of wilderness, unrelated to the recently established national park.",2026-04-01,2026-04-10,Undisclosed,Different wilderness area,national park; establishment,conservation proposal; different area,DIFFERENT_EVENT,"Both concern land conservation initiatives around the same time, but they involve different locations and separate legislative processes."
P0176,E017-A,E017-B,ENV_017,ENV_017,Environment,medium,different_source,"Endangered Species Population Rebounds, Report Finds","A new report found that a critically endangered species has seen its population rebound significantly over the past decade, thanks to targeted conservation efforts.",Conservation Efforts Credited for Species Recovery,"Conservationists celebrated this week after a report showed a marked recovery in the population of a critically endangered species, attributing the rebound to years of habitat restoration work.",2026-05-01,2026-05-02,Undisclosed,Undisclosed,endangered species; population rebound,endangered species; recovery,SAME_EVENT,Both describe the same species population recovery report published within a day of each other.
P0177,E017-A,E018-A,ENV_017,ENV_018,Environment,hard,different_incident,"Endangered Species Population Rebounds, Report Finds","A new report found that a critically endangered species has seen its population rebound significantly over the past decade, thanks to targeted conservation efforts.",Different Endangered Species Report Shows Decline,"A separate report released Sunday found that a different endangered species has continued to decline, unrelated to the recovery reported for another species earlier this month.",2026-05-01,2026-05-10,Undisclosed,Undisclosed,endangered species; rebound,different endangered species; decline,DIFFERENT_EVENT,"Both are wildlife population reports published close together, but they concern two entirely different species with opposite population trends."
P0178,E019-A,E020-A,ENV_019,ENV_020,Environment,hard,follow_up,Company Fined for Illegal Emissions,Regulators fined a manufacturing company $12 million Monday after finding it had exceeded legal emissions limits at one of its plants for over a year.,Company Appeals Emissions Fine,"The manufacturing company fined earlier this year for illegal emissions filed an appeal Saturday, arguing that the penalty was based on flawed monitoring data.",2026-06-01,2026-08-01,Undisclosed,Undisclosed,company; emissions fine,company; fine appeal,SAME_EVENT,The appeal is a direct continuation of the same emissions fine case described in the first article.
P0179,E012-A,E013-A,ENV_012,ENV_013,Environment,hard,same_topic_different_event,Water Restrictions Imposed Amid Amber Valley Drought,"Authorities imposed mandatory water restrictions Sunday for residents of the Amber Valley region, a direct response to the drought emergency declared earlier this month.",Separate Drought Declared in Different Region,"A different region declared its own drought emergency Friday, unrelated to the earlier declaration for the Amber Valley area, as dry conditions spread across the country.",2026-03-15,2026-03-20,Amber Valley region,Different region,Amber Valley; water restrictions,different region; drought,DIFFERENT_EVENT,"Both concern drought-related news within the same month, but the water restrictions apply specifically to Amber Valley while the second article covers an unrelated drought declared in a different region."
P0180,E015-A,E016-A,ENV_015,ENV_016,Environment,very_hard,same_topic_different_event,New National Park Opens to First Visitors,"The newly established national park opened its gates to visitors for the first time Monday, two months after lawmakers approved its creation.",Separate Conservation Area Proposed Elsewhere,"A different conservation proposal was introduced Friday for a separate stretch of wilderness, unrelated to the recently established national park.",2026-06-01,2026-04-10,Undisclosed,Different wilderness area,national park; opening,conservation proposal; different area,DIFFERENT_EVENT,"Both are land conservation stories, but the park opening is the conclusion of the first article's establishment event while the second article is an unrelated, separately proposed conservation area."
P0181,C011-A,C011-B,CRIME_011,CRIME_011,Crime,easy,paraphrase,Jewelry Store Heist Reported Downtown,"A downtown jewelry store was robbed Sunday night, with thieves making off with an estimated $500,000 in merchandise before fleeing the scene, police said.",Thieves Strike Downtown Jewelry Store,"Police are investigating a robbery at a downtown jewelry store, where masked suspects made off with a significant amount of merchandise over the weekend.",2026-02-01,2026-02-01,Undisclosed,Undisclosed,jewelry store heist; downtown,jewelry store robbery,SAME_EVENT,Both describe the same downtown jewelry store heist over the same weekend.
P0182,C011-A,C012-A,CRIME_011,CRIME_012,Crime,medium,follow_up,Jewelry Store Heist Reported Downtown,"A downtown jewelry store was robbed Sunday night, with thieves making off with an estimated $500,000 in merchandise before fleeing the scene, police said.",Suspect in Jewelry Heist Apprehended,"Police arrested a suspect Tuesday in connection with the downtown jewelry store robbery, recovering a portion of the stolen merchandise during the arrest.",2026-02-01,2026-02-10,Undisclosed,Undisclosed,jewelry store heist,jewelry heist; arrest,SAME_EVENT,The arrest is a direct continuation of the same jewelry store robbery investigation described in the first article.
P0183,C011-A,C013-A,CRIME_011,CRIME_013,Crime,easy,different_incident,Jewelry Store Heist Reported Downtown,"A downtown jewelry store was robbed Sunday night, with thieves making off with an estimated $500,000 in merchandise before fleeing the scene, police said.",Separate Jewelry Store Robbed in Different City,"A different jewelry store was robbed in another city Sunday, unrelated to the earlier downtown heist reported two weeks prior.",2026-02-01,2026-02-15,Undisclosed,Different city,jewelry store heist,different jewelry store; different city,DIFFERENT_EVENT,"Two separate jewelry store robberies in two different cities, weeks apart."
P0184,C014-A,C015-A,CRIME_014,CRIME_015,Crime,medium,follow_up,Phishing Scam Targets Bank Customers,"A phishing campaign targeting customers of a major bank was uncovered Sunday, with scammers sending fake account alerts to trick users into revealing login credentials.",Authorities Warn Public After Phishing Scam,"Consumer protection authorities issued a warning Friday about the recently uncovered phishing campaign targeting bank customers, urging people to verify messages before clicking any links.",2026-03-01,2026-03-05,Undisclosed,Undisclosed,phishing scam; bank customers,authorities; phishing warning,SAME_EVENT,The public warning is a direct response to the same phishing campaign described in the first article.
P0185,C014-B,C014-A,CRIME_014,CRIME_014,Crime,medium,different_source,Bank Warns of Fake Alert Scam Targeting Accounts,A major bank issued an alert Sunday after discovering scammers were sending fraudulent account notifications designed to steal customer login information.,Phishing Scam Targets Bank Customers,"A phishing campaign targeting customers of a major bank was uncovered Sunday, with scammers sending fake account alerts to trick users into revealing login credentials.",2026-03-01,2026-03-01,Undisclosed,Undisclosed,bank; phishing scam,phishing scam; bank customers,SAME_EVENT,Both articles report the same phishing campaign targeting the same bank's customers on the same date.
P0186,C014-A,C016-A,CRIME_014,CRIME_016,Crime,hard,different_incident,Phishing Scam Targets Bank Customers,"A phishing campaign targeting customers of a major bank was uncovered Sunday, with scammers sending fake account alerts to trick users into revealing login credentials.",Separate Phishing Campaign Targets Different Bank,"A separate phishing campaign was discovered Tuesday targeting customers of a different bank, unrelated to the scam uncovered earlier in the month.",2026-03-01,2026-03-10,Undisclosed,Undisclosed,phishing scam; bank customers,phishing campaign; different bank,DIFFERENT_EVENT,"Both are phishing scam stories in the same month with similar structure, but they target customers of two entirely different banks."
P0187,C017-A,C018-A,CRIME_017,CRIME_018,Crime,hard,follow_up,Corruption Investigation Opens Into City Official,Prosecutors announced an investigation Wednesday into a senior city official over allegations of accepting bribes in exchange for awarding municipal contracts.,City Official Resigns Amid Corruption Investigation,"The city official under investigation for alleged bribery resigned from office Friday, citing the ongoing legal process as too great a distraction from city business.",2026-04-01,2026-05-01,Undisclosed,Undisclosed,city official; corruption investigation,city official; resignation,SAME_EVENT,The resignation is a direct continuation of the same corruption investigation described in the first article.
P0188,C017-A,C019-A,CRIME_017,CRIME_019,Crime,hard,different_incident,Corruption Investigation Opens Into City Official,Prosecutors announced an investigation Wednesday into a senior city official over allegations of accepting bribes in exchange for awarding municipal contracts.,Unrelated Corruption Case Opens Against Different Official,"A separate corruption case was opened Wednesday against a different city official in another department, unrelated to the earlier investigation reported this month.",2026-04-01,2026-04-15,Undisclosed,Undisclosed,city official; corruption investigation,different official; corruption case,DIFFERENT_EVENT,"Both are municipal corruption stories within the same month, but they involve two entirely different officials and separate cases."
P0189,C020-A,C021-A,CRIME_020,CRIME_021,Crime,medium,different_incident,Carjacking Spree Reported Across City,"Police reported a spike in carjackings across the city this week, with at least eight incidents recorded over a five-day span, prompting an increased patrol presence.",Separate Carjacking Spree Reported in Different City,"A different city reported its own wave of carjackings this month, unrelated to the spree recorded elsewhere earlier in the year, according to local police.",2026-01-01,2026-01-10,Undisclosed,Different city,carjacking spree,carjacking spree; different city,DIFFERENT_EVENT,"Both describe carjacking sprees using similar language, but they occur in two different cities and are unrelated crime waves."
P0190,C012-A,C013-A,CRIME_012,CRIME_013,Crime,very_hard,same_topic_different_event,Suspect in Jewelry Heist Apprehended,"Police arrested a suspect Tuesday in connection with the downtown jewelry store robbery, recovering a portion of the stolen merchandise during the arrest.",Separate Jewelry Store Robbed in Different City,"A different jewelry store was robbed in another city Sunday, unrelated to the earlier downtown heist reported two weeks prior.",2026-02-10,2026-02-15,Undisclosed,Different city,jewelry heist; arrest,different jewelry store; different city,DIFFERENT_EVENT,"Both are jewelry theft stories from the same general period, but the arrest concerns the original downtown heist while the second article is an unrelated robbery in a different city."
P0191,EN011-A,EN011-B,ENT_011,ENT_011,Entertainment,easy,paraphrase,ReVolt Releases Highly Anticipated Game Title,"Video game studio ReVolt released its long-awaited title Friday, a game that has been in development for over four years and was one of the most anticipated releases of the year.",ReVolt's New Game Finally Arrives,"After years of anticipation, ReVolt's newest game hit shelves this week, drawing large crowds at midnight launch events in several major cities.",2026-03-01,2026-03-01,Undisclosed,Undisclosed,ReVolt; game release,ReVolt; new game,SAME_EVENT,Both describe the same long-awaited ReVolt game release on the same date.
P0192,EN011-A,EN012-A,ENT_011,ENT_012,Entertainment,medium,follow_up,ReVolt Releases Highly Anticipated Game Title,"Video game studio ReVolt released its long-awaited title Friday, a game that has been in development for over four years and was one of the most anticipated releases of the year.",ReVolt Game Sells Record Copies in First Week,"ReVolt's newest release sold a record number of copies in its first week, the studio announced Monday, surpassing the launch numbers of its previous best-selling title.",2026-03-01,2026-03-08,Undisclosed,Undisclosed,ReVolt; game release,ReVolt; record sales,SAME_EVENT,The sales record is a direct continuation of the same game release described in the first article.
P0193,EN011-A,EN013-A,ENT_011,ENT_013,Entertainment,medium,same_topic_different_event,ReVolt Releases Highly Anticipated Game Title,"Video game studio ReVolt released its long-awaited title Friday, a game that has been in development for over four years and was one of the most anticipated releases of the year.",Rival Studio Releases Competing Game Same Month,"A competing studio released its own major title Sunday, entering the market weeks after a rival's highly anticipated game launch, in an unrelated release.",2026-03-01,2026-03-15,Undisclosed,Undisclosed,ReVolt; game release,rival studio; competing game,DIFFERENT_EVENT,"Both are major video game releases in the same month, but from two unrelated, competing studios."
P0194,EN014-A,EN015-A,ENT_014,ENT_015,Entertainment,medium,follow_up,Comedian Jonah Pratt Announces Retirement From Stand-Up,"Comedian Jonah Pratt announced Wednesday he is retiring from stand-up comedy after a 30-year career, saying he plans to focus on writing instead.",Pratt's Farewell Tour Announced,"Jonah Pratt announced a farewell tour Friday, giving fans a final chance to see him perform live following his retirement announcement last month.",2026-04-01,2026-05-01,Undisclosed,Undisclosed,Jonah Pratt; retirement announcement,Jonah Pratt; farewell tour,SAME_EVENT,The farewell tour is a direct continuation of the same retirement announcement described in the first article.
P0195,EN014-A,EN016-A,ENT_014,ENT_016,Entertainment,easy,same_topic_different_event,Comedian Jonah Pratt Announces Retirement From Stand-Up,"Comedian Jonah Pratt announced Wednesday he is retiring from stand-up comedy after a 30-year career, saying he plans to focus on writing instead.",Different Comedian Announces Unrelated Hiatus,"A separate comedian announced a hiatus from performing Friday, citing personal reasons unrelated to other recent announcements in the comedy world.",2026-04-01,2026-04-10,Undisclosed,Undisclosed,Jonah Pratt; retirement,different comedian; hiatus,DIFFERENT_EVENT,"Both are stand-up comedy career news within the same month, but they involve two entirely different, unrelated comedians."
P0196,EN017-A,EN018-A,ENT_017,ENT_018,Entertainment,hard,follow_up,TV Network Cancels Long-Running Soap Opera,"A major network confirmed Monday it is canceling its long-running daytime soap opera after 22 seasons, citing declining viewership.",Fans React to Soap Opera Cancellation,Longtime viewers expressed disappointment online this week following the network's announcement that it is ending its 22-year-old daytime soap opera.,2026-06-01,2026-06-03,Undisclosed,Undisclosed,TV network; soap opera cancellation,fans; cancellation reaction,SAME_EVENT,The fan reaction is directly tied to the same cancellation announcement described in the first article.
P0197,EN017-A,EN019-A,ENT_017,ENT_019,Entertainment,medium,same_topic_different_event,TV Network Cancels Long-Running Soap Opera,"A major network confirmed Monday it is canceling its long-running daytime soap opera after 22 seasons, citing declining viewership.",Different Network Renews Unrelated Show Same Week,"A competing network announced Tuesday it is renewing one of its own shows for another season, an unrelated decision made the same week as a rival's cancellation news.",2026-06-01,2026-06-02,Undisclosed,Undisclosed,TV network; cancellation,different network; renewal,DIFFERENT_EVENT,"Both are television programming decisions in the same week, but they involve two entirely different networks and shows."
P0198,EN020-A,EN020-B,ENT_020,ENT_020,Entertainment,medium,different_source,Music Festival Lineup Announced,"Organizers announced the lineup for this year's music festival Thursday, featuring several headline acts making their first appearance at the event.",This Year's Festival Lineup Revealed,"The full artist lineup for this summer's music festival was revealed this week, with organizers touting an especially diverse range of genres compared to previous years.",2026-07-01,2026-07-01,Undisclosed,Undisclosed,music festival; lineup announcement,music festival; lineup,SAME_EVENT,Both describe the same music festival lineup announcement made on the same date.
P0199,EN012-A,EN013-A,ENT_012,ENT_013,Entertainment,hard,different_incident,ReVolt Game Sells Record Copies in First Week,"ReVolt's newest release sold a record number of copies in its first week, the studio announced Monday, surpassing the launch numbers of its previous best-selling title.",Rival Studio Releases Competing Game Same Month,"A competing studio released its own major title Sunday, entering the market weeks after a rival's highly anticipated game launch, in an unrelated release.",2026-03-08,2026-03-15,Undisclosed,Undisclosed,ReVolt; record sales,rival studio; competing game,DIFFERENT_EVENT,"Both concern video game sales news in the same month, but ReVolt's record-breaking sales figures and a rival studio's separate game launch weeks later are unrelated events."
P0200,EN015-A,EN016-A,ENT_015,ENT_016,Entertainment,very_hard,same_topic_different_event,Pratt's Farewell Tour Announced,"Jonah Pratt announced a farewell tour Friday, giving fans a final chance to see him perform live following his retirement announcement last month.",Different Comedian Announces Unrelated Hiatus,"A separate comedian announced a hiatus from performing Friday, citing personal reasons unrelated to other recent announcements in the comedy world.",2026-05-01,2026-04-10,Undisclosed,Undisclosed,Jonah Pratt; farewell tour,different comedian; hiatus,DIFFERENT_EVENT,"Both are stand-up comedy news stories from around the same period, but the farewell tour concerns Jonah Pratt's earlier retirement while the second article is an unrelated hiatus announcement by a different comedian."
